<?xml version="1.0" encoding="UTF-8"?>

<configuration scan="true" scanPeriod="30 seconds">

	<appender name="console" class="ch.qos.logback.core.ConsoleAppender">
		<encoder>
			<pattern>
				[%date{HH:mm:ss.SSS, Asia/Seoul}][%-5level][%logger] - %msg%n
			</pattern>
		</encoder>
	</appender>
	
	<logger name="com.gdu.staff">
		<level value="debug" />
	</logger>
	
	<logger name="org.springframework.core">
		<level value="info" />
	</logger>
	<logger name="org.springframework.beans">
		<level value="info" />
	</logger>
	<logger name="org.springframework.context">
		<level value="info" />
	</logger>
	<logger name="org.springframework.web">
		<level value="info" />
	</logger>

	<!-- Root Logger -->
	<root>
		<appender-ref ref="console" />
	</root>
	
</configuration>
