<?xml version="1.0" encoding="UTF-8" ?>
<!DOCTYPE mapper
  PUBLIC "-//mybatis.org//DTD Mapper 3.0//EN"
  "https://mybatis.org/dtd/mybatis-3-mapper.dtd">

<!-- namespace는 @Mapper를 지정한다 -->
<mapper namespace="com.gdu.staff.mapper.StaffMapper">

	<select id="getStaffList" resultType="StaffDTO">
		SELECT SNO, NAME, DEPT, SALARY
		  FROM STAFF
		 ORDER BY SNO DESC
	</select>

	<insert id="addStaff" parameterType="StaffDTO">
		INSERT INTO STAFF(
			  SNO
			, NAME
			, DEPT
			, SALARY
		  ) VALUES (
		   	   #{sno}
		    ,  #{name}
		    ,  #{dept}
		    ,  <choose>
		   			<when test="dept == '기획부'">5000</when>
		   			<when test="dept == '개발부'">6000</when>
		   			<when test="dept == '영업부'">7000</when>
		   			<otherwise>4000</otherwise>
		   	   </choose>
		  )
	</insert>

	<select id="getStaffByNo" parameterType="Integer" resultType="StaffDTO">
		SELECT SNO, NAME, DEPT, SALARY
		  FROM STAFF
		 WHERE SNO = #{sno}
	</select>

</mapper>